<configuration>
    <section name="General">
        <param type="string" required="true" name="URL_ROOT" default="/combu/" description="Define the relative URL of Combu folder, including the last path separator (e.g.: /your_combu_path/)"/>
        <param type="bool" name="WS_DEBUG" description="Debug the web services data: if TRUE then the data is loaded from both GET and POST, else it is loaded only from POST (set to FALSE or comment the following line in the production environment)"/>
        <param type="int" min="1" required="true" name="DEFAULT_LIST_LIMIT" default="20" description="Default size of a records list when limit is not specified in the REQUEST (must be greater than zero)"/>
        <param type="string" required="true" name="RANDOM_CODE_CHARS" default="bcdfghjklmnpqrstvwxzBCDFGHJKLMNPQRSTVWXZ0123456789" description="Alphanumeric characters used to generate a random code (e.g.: Activation Code and Reset Password Authorization Code)"/>
        <param type="int" required="true" min="10" name="RANDOM_CODE_LENGTH" default="10" description="Default length of a random code (e.g.: Activation Code and Reset Password Authorization Code)"/>
    </section>
    <section name="Database connection">
        <param type="bool" required="true" name="GAME_DB_USE_PDO" default="TRUE" description="Should use PDO for the database functions? (If FALSE then it uses mysqli)"/>
        <param type="string" values="mysql" required="true" name="GAME_DB_TYPE" default="mysql" description="Database engine (only if PDO is enabled, this must be supported by PDO)"/>
        <param type="string" required="true" name="GAME_DB_SERVER" default="localhost" description="Database Server hostname or IP (if MySql runs on the same machine use 'localhost')"/>
        <param type="int" min="1" max="65535" required="true" name="GAME_DB_PORT" default="3306" description="The port of the database connection (default MySql port is 3306)"/>
        <param type="string" required="true" name="GAME_DB_NAME" default="combu" description="The name of the database"/>
        <param type="string" required="true" name="GAME_DB_USER" default="root" description="The username of the database connection"/>
        <param type="string" required-empty="true" name="GAME_DB_PASS" default="" description="The password of the database connection"/>
        <param type="string" required-empty="true" name="GAME_DB_PREFIX" default="" description="Prefix for table names"/>
    </section>
    <section name="Security">
        <param type="int" values="1024,2048,4096" required="true" name="RSA_PRIVATE_KEY_BITS" default="2048" description="Key bits length for RSA generation (higher values increase security but require more time to generate keys)"/>
        <param type="bool" required="true" name="RESPONSE_ENCRYPTED" default="TRUE" description="Should encrypt the server response to web services? (TRUE increase security but requires more resources/time both in server and in client)"/>
        <param type="bool" name="DENY_UNVERSIONED_CLIENT" default="FALSE" description="Should refuse the connections when the clients don't send their version number?"/>
        <param type="string" name="MIN_CLIENT_VERSION" default="" description="Minimum version of client's CombuManager.COMBU_VERSION to be considered as out of range"/>
        <param type="string" name="MAX_CLIENT_VERSION" default="" description="Maximum version of client's CombuManager.COMBU_VERSION to be considered as out of range"/>
        <param type="bool" name="DENY_OUTRANGE_VERSIONS" default="FALSE" description="Should refuse the connections with out of range versions?"/>
    </section>
    <section name="Email">
        <param type="bool" name="EMAIL_SMTP" required="true" default="FALSE" description="Use SMTP to send emails?"/>
        <param type="string" values="ssl,tls" name="EMAIL_SMTP_SECURE" default="" description="SMTP secure authentication type"/>
        <param type="string" name="EMAIL_SMTP_HOSTNAME" default="" description="SMTP hostname (e.g. smtp.gmail.com)"/>
        <param type="int" name="EMAIL_SMTP_PORT" default="" description="SMTP port (e.g. 465)"/>
        <param type="string" name="EMAIL_SMTP_USERNAME" default="" description="SMTP username (if required)"/>
        <param type="string" name="EMAIL_SMTP_PASSWORD" default="" description="SMTP password (if required)"/>
        <param type="string" name="EMAIL_SENDER_ADDRESS" default="noreply@yourserver.com" description="Sender address for sending emails"/>
        <param type="string" name="EMAIL_SENDER_NAME" default="Your App Title" description="Sender name for sending emails"/>
    </section>
    <section name="User Registration">
        <param type="bool" required="true" name="REGISTER_EMAIL_REQUIRED" default="FALSE" description="Is Email required for new users?"/>
        <param type="bool" required="true" name="REGISTER_EMAIL_REQUIRED_FOR_GUEST" default="FALSE" description="Is Email required for new guest users?"/>
        <param type="bool" required="true" name="REGISTER_EMAIL_MULTIPLE" default="FALSE" description="Allow multiple accounts with the same email?"/>
        <param type="bool" required="true" name="REGISTER_EMAIL_ACTIVATION" default="FALSE" description="Should verify email registration with activation code?"/>
        <param type="string" name="REGISTER_EMAIL_SUBJECT" default="Confirm account registration" description="The registration mail subject (if activation code is required)"/>
        <param type="string" name="REGISTER_EMAIL_MESSAGE" default="email_register.html" description="Name of the HTML/text file containing the mail message (the file must exists in /email_templates)"/>
        <param type="bool" required="true" name="REGISTER_EMAIL_HTML" default="TRUE" description="Is the email content HTML (TRUE) or plain text (FALSE)?"/>
        <param type="string" name="RESETPWD_EMAIL_SUBJECT" default="Reset your password" description="The reset-password mail subject"/>
        <param type="string" name="RESETPWD_EMAIL_MESSAGE" default="email_resetpwd.html" description="Name of the HTML/text file containing the mail message (the file must exists in /email_templates)"/>
    </section>
    <section name="User Profile">
        <param type="int" required="true" name="ONLINE_SECONDS" default="120" description="Time interval in seconds to consider a user online (HTTP is asynchronous protocol, so there is no realtime connection)"/>
        <param type="bool" name="CLEAR_PLAYER_SESSIONS" default="FALSE" description="Should delete all other sessions of an account after login? (if TRUE then your users can be authenticated only on one client at once, all other sessions will be invalidated)"/>
        <param type="string" name="GUEST_PREFIX" default="Guest-" description="Prefix of Username of guest accounts"/>
        <param type="bool" required="true" name="FRIENDS_REQUIRE_ACCEPT" default="FALSE" description="Is required to accept the friendship (TRUE) or users can add friends freely (FALSE)?"/>
    </section>
    <section name="Newsletter">
        <param type="string" name="NEWSLETTER_SENDER_ADDRESS" default="noreply@yourserver.com" description="Sender address for sending newsletters"/>
        <param type="string" name="NEWSLETTER_SENDER_NAME" default="Your Newsletter" description="Sender name for sending newsletters"/>
    </section>
    <section name="Upload">
        <param type="bool" required="true" name="UPLOAD_DELETE_OLD_FILES" default="TRUE" description="Should delete old file upon new upload? (TRUE will keep your upload folder clean with latest changes to UserFile)"/>
    </section>
    <section name="Log">
        <param type="string" name="LOG_FILENAME" default="app.log" description="Name of the log file (in the folder /_logs/)"/>
        <param type="int" name="LOG_MAXFILESIZE" default="2048" description="Max size in bytes of the log file (if it reaches this size the system will backup the current)"/>
        <param type="bool" name="LOG_BANNED" default="FALSE" description="Should the system add the requests from banned IP address in the log file?"/>
        <param type="bool" name="LOG_UNAUTHORIZED" default="FALSE" description="Should the system add the unauthorized/invalid requests in the log file?"/>
    </section>
</configuration>