<?xml version="1.0" encoding="utf-8"?>
<!--
- phpMyAdmin XML Dump
- version 4.6.6
- https://www.phpmyadmin.net
-
- Host: localhost
- Generation Time: Feb 25, 2018 at 01:19 PM
- Server version: 5.7.15
- PHP Version: 7.1.7
-->

<pma_xml_export version="1.0" xmlns:pma="https://www.phpmyadmin.net/some_doc_url/">
    <!--
    - Structure schemas
    -->
    <pma:structure_schemas>
        <pma:database name="combu" collation="utf8_general_ci" charset="utf8">
            <pma:table name="Account">
                CREATE TABLE `Account` (
                  `Id` bigint(20) NOT NULL AUTO_INCREMENT,
                  `Username` varchar(45) NOT NULL,
                  `Password` varchar(45) NOT NULL,
                  `LastLoginIp` varchar(255) DEFAULT NULL,
                  `LastLoginDate` datetime DEFAULT NULL,
                  `Email` varchar(255) DEFAULT NULL,
                  `ActivationCode` varchar(10) DEFAULT NULL,
                  `ChangePwdCode` varchar(10) DEFAULT NULL,
                  `Enabled` tinyint(1) NOT NULL DEFAULT '1',
                  PRIMARY KEY (`Id`),
                  UNIQUE KEY `AccountUsername` (`Username`),
                  KEY `AccountPassword` (`Password`)
                ) ENGINE=InnoDB AUTO_INCREMENT=14 DEFAULT CHARSET=utf8;
            </pma:table>
            <pma:table name="Account_App">
                CREATE TABLE `Account_App` (
                  `IdAccount` bigint(20) NOT NULL,
                  `IdApp` bigint(20) NOT NULL,
                  `DateCreated` datetime NOT NULL,
                  `DateUpdated` datetime NOT NULL,
                  PRIMARY KEY (`IdAccount`,`IdApp`)
                ) ENGINE=InnoDB DEFAULT CHARSET=utf8;
            </pma:table>
            <pma:table name="Account_Platform">
                CREATE TABLE `Account_Platform` (
                  `IdAccount` bigint(20) NOT NULL,
                  `PlatformKey` varchar(45) NOT NULL,
                  `PlatformId` varchar(255) NOT NULL,
                  PRIMARY KEY (`IdAccount`,`PlatformId`,`PlatformKey`)
                ) ENGINE=InnoDB DEFAULT CHARSET=utf8;
            </pma:table>
            <pma:table name="Achievement">
                CREATE TABLE `Achievement` (
                  `Id` bigint(20) NOT NULL AUTO_INCREMENT,
                  `IdApp` bigint(20) NOT NULL,
                  `Title` varchar(100) CHARACTER SET latin1 NOT NULL,
                  `Description` varchar(255) CHARACTER SET latin1 DEFAULT NULL,
                  `UniqueRecords` tinyint(1) NOT NULL DEFAULT '0',
                  `Position` int(11) NOT NULL,
                  PRIMARY KEY (`Id`),
                  KEY `Achievement_App` (`IdApp`) USING BTREE
                ) ENGINE=InnoDB AUTO_INCREMENT=2 DEFAULT CHARSET=utf8;
            </pma:table>
            <pma:table name="Achievement_User">
                CREATE TABLE `Achievement_User` (
                  `Id` bigint(20) NOT NULL AUTO_INCREMENT,
                  `IdAchievement` bigint(20) NOT NULL,
                  `IdAccount` bigint(20) NOT NULL,
                  `Progress` smallint(6) NOT NULL,
                  `LastUpdated` datetime NOT NULL,
                  PRIMARY KEY (`Id`),
                  KEY `AchievementUser` (`IdAchievement`),
                  KEY `UserAchievement` (`IdAccount`)
                ) ENGINE=InnoDB DEFAULT CHARSET=utf8;
            </pma:table>
            <pma:table name="AdminAccount">
                CREATE TABLE `AdminAccount` (
                  `Id` bigint(20) NOT NULL AUTO_INCREMENT,
                  `Username` varchar(45) NOT NULL,
                  `Password` varchar(45) NOT NULL,
                  PRIMARY KEY (`Id`),
                  KEY `AdminAccountUsername` (`Username`),
                  KEY `AdminAccountPassword` (`Password`)
                ) ENGINE=InnoDB AUTO_INCREMENT=2 DEFAULT CHARSET=utf8;
            </pma:table>
            <pma:table name="AppCustomData">
                CREATE TABLE `AppCustomData` (
                  `IdApp` bigint(20) NOT NULL,
                  `IdAccount` bigint(20) NOT NULL,
                  `DataKey` varchar(45) NOT NULL,
                  `DataValue` text,
                  PRIMARY KEY (`IdApp`,`IdAccount`,`DataKey`)
                ) ENGINE=InnoDB DEFAULT CHARSET=utf8;
            </pma:table>
            <pma:table name="AppId">
                CREATE TABLE `AppId` (
                  `Id` bigint(20) NOT NULL AUTO_INCREMENT,
                  `AppId` varchar(255) NOT NULL,
                  `Secret` varchar(255) NOT NULL,
                  `DateCreated` datetime NOT NULL,
                  `Name` varchar(45) NOT NULL,
                  `Description` text,
                  `Active` tinyint(1) NOT NULL,
                  PRIMARY KEY (`Id`),
                  UNIQUE KEY `AppId_UNIQUE` (`AppId`)
                ) ENGINE=InnoDB AUTO_INCREMENT=3 DEFAULT CHARSET=utf8;
            </pma:table>
            <pma:table name="CustomData">
                CREATE TABLE `CustomData` (
                  `IdAccount` bigint(20) NOT NULL,
                  `DataKey` varchar(45) NOT NULL,
                  `DataValue` text,
                  PRIMARY KEY (`IdAccount`,`DataKey`)
                ) ENGINE=InnoDB DEFAULT CHARSET=utf8;
            </pma:table>
            <pma:table name="Friend">
                CREATE TABLE `Friend` (
                  `IdAccount` bigint(20) NOT NULL,
                  `IdFriend` bigint(20) NOT NULL,
                  `State` tinyint(1) NOT NULL,
                  PRIMARY KEY (`IdAccount`,`IdFriend`)
                ) ENGINE=InnoDB DEFAULT CHARSET=utf8;
            </pma:table>
            <pma:table name="Inventory">
                CREATE TABLE `Inventory` (
                  `Id` bigint(20) NOT NULL AUTO_INCREMENT,
                  `IdAccount` bigint(20) NOT NULL,
                  `IdApp` bigint(20) NOT NULL,
                  `Name` varchar(255) CHARACTER SET latin1 NOT NULL,
                  `Quantity` int(11) NOT NULL,
                  `CustomData` text CHARACTER SET latin1,
                  PRIMARY KEY (`Id`),
                  KEY `InventoryAccount` (`IdAccount`),
                  KEY `Inventory_App` (`IdApp`) USING BTREE
                ) ENGINE=InnoDB AUTO_INCREMENT=3 DEFAULT CHARSET=utf8;
            </pma:table>
            <pma:table name="IpBan">
                CREATE TABLE `IpBan` (
                  `Id` bigint(20) NOT NULL AUTO_INCREMENT,
                  `DateCreated` datetime NOT NULL,
                  `DateUpdated` datetime NOT NULL,
                  `IdApp` bigint(20) NOT NULL,
                  `IdAdminAccount` bigint(20) NOT NULL,
                  `FromIp` varchar(255) NOT NULL,
                  `ToIp` varchar(255) NOT NULL,
                  `FromIpInt` varbinary(16) NOT NULL,
                  `ToIpInt` varbinary(16) NOT NULL,
                  `Reason` varchar(255) DEFAULT NULL,
                  PRIMARY KEY (`Id`),
                  KEY `FromIpInt` (`FromIpInt`,`ToIpInt`)
                ) ENGINE=InnoDB AUTO_INCREMENT=3 DEFAULT CHARSET=utf8;
            </pma:table>
            <pma:table name="LeaderBoard">
                CREATE TABLE `LeaderBoard` (
                  `Id` bigint(20) NOT NULL AUTO_INCREMENT,
                  `IdApp` bigint(20) NOT NULL,
                  `Code` varchar(45) NOT NULL,
                  `Title` varchar(100) NOT NULL,
                  `Description` varchar(255) DEFAULT NULL,
                  `UniqueRecords` tinyint(1) NOT NULL DEFAULT '0',
                  `ValueType` tinyint(1) NOT NULL DEFAULT '0',
                  `OrderType` tinyint(1) NOT NULL DEFAULT '0',
                  `AllowAnonymous` tinyint(1) NOT NULL,
                  PRIMARY KEY (`Id`),
                  KEY `LeaderBoard_App` (`IdApp`) USING BTREE
                ) ENGINE=InnoDB AUTO_INCREMENT=4 DEFAULT CHARSET=utf8;
            </pma:table>
            <pma:table name="LeaderBoard_User">
                CREATE TABLE `LeaderBoard_User` (
                  `Id` bigint(20) NOT NULL AUTO_INCREMENT,
                  `IdLeaderboard` bigint(20) NOT NULL,
                  `IdAccount` bigint(20) NOT NULL,
                  `ValueInt` int(11) NOT NULL DEFAULT '0',
                  `ValueFloat` decimal(20,6) NOT NULL,
                  `LastUpdated` datetime DEFAULT NULL,
                  `Username` varchar(45) NOT NULL,
                  PRIMARY KEY (`Id`),
                  KEY `LeaderboardScoreValue` (`IdLeaderboard`,`ValueInt`,`ValueFloat`) USING BTREE,
                  KEY `LeaderboardAccount` (`IdAccount`)
                ) ENGINE=InnoDB AUTO_INCREMENT=7 DEFAULT CHARSET=utf8;
            </pma:table>
            <pma:table name="Mail">
                CREATE TABLE `Mail` (
                  `Id` bigint(20) NOT NULL AUTO_INCREMENT,
                  `SendDate` datetime NOT NULL,
                  `ReadDate` datetime DEFAULT NULL,
                  `IdAccount` bigint(20) NOT NULL,
                  `IdGroup` bigint(20) NOT NULL,
                  `IdSender` bigint(20) NOT NULL,
                  `IsPublic` tinyint(1) NOT NULL,
                  `Subject` varchar(255) NOT NULL,
                  `Message` longtext NOT NULL,
                  PRIMARY KEY (`Id`),
                  KEY `MailSender` (`IdSender`,`SendDate`),
                  KEY `MailDate` (`SendDate`,`IdAccount`,`IdSender`,`ReadDate`)
                ) ENGINE=InnoDB AUTO_INCREMENT=9 DEFAULT CHARSET=utf8;
            </pma:table>
            <pma:table name="Match">
                CREATE TABLE `Match` (
                  `Id` bigint(20) NOT NULL AUTO_INCREMENT,
                  `IdTournament` bigint(20) NOT NULL,
                  `Title` varchar(255) DEFAULT NULL,
                  `DateCreation` datetime NOT NULL,
                  `DateExpire` datetime DEFAULT NULL,
                  `Rounds` int(2) NOT NULL,
                  `Finished` tinyint(1) NOT NULL,
                  PRIMARY KEY (`Id`),
                  KEY `IDX_Match_Finished` (`Finished`,`DateCreation`,`DateExpire`),
                  KEY `IDX_Match_Tournament` (`IdTournament`) USING BTREE
                ) ENGINE=InnoDB DEFAULT CHARSET=utf8;
            </pma:table>
            <pma:table name="Match_Account">
                CREATE TABLE `Match_Account` (
                  `Id` bigint(20) NOT NULL AUTO_INCREMENT,
                  `IdMatch` bigint(20) NOT NULL,
                  `IdAccount` bigint(20) NOT NULL,
                  `CustomData` longtext,
                  PRIMARY KEY (`Id`),
                  KEY `FK_Account_User_idx` (`IdAccount`),
                  KEY `FK_Account_Match_idx` (`IdMatch`)
                ) ENGINE=InnoDB DEFAULT CHARSET=utf8;
            </pma:table>
            <pma:table name="Match_CustomData">
                CREATE TABLE `Match_CustomData` (
                  `IdMatch` bigint(20) NOT NULL,
                  `DataKey` varchar(45) NOT NULL,
                  `DataValue` text,
                  PRIMARY KEY (`IdMatch`,`DataKey`)
                ) ENGINE=InnoDB DEFAULT CHARSET=utf8;
            </pma:table>
            <pma:table name="Match_Round">
                CREATE TABLE `Match_Round` (
                  `Id` bigint(20) NOT NULL AUTO_INCREMENT,
                  `IdMatchAccount` bigint(20) NOT NULL,
                  `Score` decimal(20,5) NOT NULL DEFAULT '0.00000',
                  `DateScore` datetime DEFAULT NULL,
                  PRIMARY KEY (`Id`),
                  KEY `FK_Round_Match_idx` (`IdMatchAccount`)
                ) ENGINE=InnoDB DEFAULT CHARSET=utf8;
            </pma:table>
            <pma:table name="News">
                CREATE TABLE `News` (
                  `Id` bigint(20) NOT NULL AUTO_INCREMENT,
                  `IdApp` bigint(20) NOT NULL,
                  `IdAdminAccount` bigint(20) NOT NULL,
                  `PublishDate` datetime NOT NULL,
                  `Subject` varchar(255) NOT NULL,
                  `Message` longtext NOT NULL,
                  `Url` varchar(255) NOT NULL,
                  PRIMARY KEY (`Id`),
                  KEY `News_App` (`IdApp`) USING BTREE
                ) ENGINE=InnoDB AUTO_INCREMENT=5 DEFAULT CHARSET=utf8;
            </pma:table>
            <pma:table name="Newsletter">
                CREATE TABLE `Newsletter` (
                  `Id` bigint(20) NOT NULL AUTO_INCREMENT,
                  `IdAccount` bigint(20) NOT NULL,
                  `IdApp` bigint(20) NOT NULL,
                  `Subject` varchar(255) NOT NULL,
                  `Body` longtext NOT NULL,
                  `IsHtml` tinyint(1) NOT NULL,
                  `DateCreation` datetime NOT NULL,
                  `DateSent` datetime DEFAULT NULL,
                  `Status` tinyint(1) DEFAULT NULL,
                  `LogMessage` varchar(255) DEFAULT NULL,
                  PRIMARY KEY (`Id`),
                  KEY `Newsletter_App` (`IdApp`) USING BTREE
                ) ENGINE=InnoDB AUTO_INCREMENT=2 DEFAULT CHARSET=utf8;
            </pma:table>
            <pma:table name="NewsletterLog">
                CREATE TABLE `NewsletterLog` (
                  `Id` bigint(20) NOT NULL AUTO_INCREMENT,
                  `IdNewsletter` bigint(20) NOT NULL,
                  `IdAccount` bigint(20) NOT NULL,
                  `Sent` tinyint(1) NOT NULL,
                  `DateCreation` datetime NOT NULL,
                  `Message` varchar(255) DEFAULT NULL,
                  PRIMARY KEY (`Id`)
                ) ENGINE=InnoDB DEFAULT CHARSET=utf8;
            </pma:table>
            <pma:table name="ServerSettings">
                CREATE TABLE `ServerSettings` (
                  `DataKey` varchar(45) NOT NULL,
                  `DataValue` longtext,
                  `Visible` bit(1) NOT NULL,
                  PRIMARY KEY (`DataKey`),
                  UNIQUE KEY `DataKey_UNIQUE` (`DataKey`)
                ) ENGINE=InnoDB DEFAULT CHARSET=utf8;
            </pma:table>
            <pma:table name="SessionToken">
                CREATE TABLE `SessionToken` (
                  `Token` varchar(255) NOT NULL,
                  `IdApp` bigint(20) NOT NULL,
                  `IPAddress` varchar(45) NOT NULL,
                  `Created` datetime NOT NULL,
                  `RSA_PrivateKey` text NOT NULL,
                  `RSA_PublicKey` text NOT NULL,
                  `AES_Key` varchar(255) NOT NULL,
                  `AES_IV` varchar(255) NOT NULL,
                  `IdAccount` bigint(20) NOT NULL,
                  `Updated` datetime NOT NULL,
                  `ClientVersion` varchar(20) DEFAULT NULL,
                  PRIMARY KEY (`Token`) USING BTREE,
                  KEY `IX_SessionToken_Account` (`IdAccount`,`Updated`),
                  KEY `SessionToken_App` (`IdApp`) USING BTREE
                ) ENGINE=InnoDB DEFAULT CHARSET=utf8;
            </pma:table>
            <pma:table name="Tournament">
                CREATE TABLE `Tournament` (
                  `Id` bigint(20) NOT NULL AUTO_INCREMENT,
                  `IdOwner` bigint(20) NOT NULL,
                  `DateCreation` datetime DEFAULT NULL,
                  `Title` varchar(255) DEFAULT NULL,
                  `Finished` tinyint(1) NOT NULL,
                  `DateFinished` datetime DEFAULT NULL,
                  PRIMARY KEY (`Id`),
                  KEY `IDX_Tournament_Finished` (`Finished`,`DateCreation`,`DateFinished`)
                ) ENGINE=InnoDB DEFAULT CHARSET=utf8;
            </pma:table>
            <pma:table name="Tournament_CustomData">
                CREATE TABLE `Tournament_CustomData` (
                  `IdTournament` bigint(20) NOT NULL,
                  `DataKey` varchar(45) NOT NULL,
                  `DataValue` text,
                  PRIMARY KEY (`IdTournament`,`DataKey`)
                ) ENGINE=InnoDB DEFAULT CHARSET=utf8;
            </pma:table>
            <pma:table name="UserFile">
                CREATE TABLE `UserFile` (
                  `Id` bigint(20) NOT NULL AUTO_INCREMENT,
                  `IdAccount` bigint(20) NOT NULL,
                  `Name` varchar(45) NOT NULL,
                  `Url` varchar(255) CHARACTER SET latin1 NOT NULL,
                  `ShareType` tinyint(1) NOT NULL,
                  `Likes` int(11) NOT NULL,
                  `Views` int(11) NOT NULL,
                  `CustomData` text,
                  PRIMARY KEY (`Id`),
                  KEY `UserFileAccount` (`IdAccount`)
                ) ENGINE=InnoDB AUTO_INCREMENT=4 DEFAULT CHARSET=utf8;
            </pma:table>
            <pma:table name="UserFilesActivity">
                CREATE TABLE `UserFilesActivity` (
                  `Id` bigint(20) NOT NULL AUTO_INCREMENT,
                  `IdFile` bigint(20) NOT NULL,
                  `IdAccount` bigint(20) NOT NULL,
                  `Likes` tinyint(1) NOT NULL,
                  `Views` int(11) NOT NULL,
                  `LastActivity` datetime NOT NULL,
                  PRIMARY KEY (`Id`)
                ) ENGINE=InnoDB DEFAULT CHARSET=utf8;
            </pma:table>
            <pma:table name="UserGroup">
                CREATE TABLE `UserGroup` (
                  `Id` bigint(20) NOT NULL AUTO_INCREMENT,
                  `Name` varchar(45) NOT NULL,
                  `IdOwner` bigint(20) NOT NULL,
                  `Public` tinyint(1) NOT NULL,
                  `CustomData` text NOT NULL,
                  PRIMARY KEY (`Id`),
                  KEY `UserGroupOwner` (`IdOwner`,`Public`)
                ) ENGINE=InnoDB DEFAULT CHARSET=utf8;
            </pma:table>
            <pma:table name="UserGroupAccount">
                CREATE TABLE `UserGroupAccount` (
                  `IdGroup` bigint(20) NOT NULL,
                  `IdAccount` bigint(20) NOT NULL,
                  PRIMARY KEY (`IdGroup`,`IdAccount`)
                ) ENGINE=InnoDB DEFAULT CHARSET=utf8;
            </pma:table>
        </pma:database>
    </pma:structure_schemas>
</pma_xml_export>